Month,Bus,Trolley,Access,Total,total_pct_change,bus_change,bus_pct_change,trolley_change,trolley_pct_change,access_change,access_pct_change,top_mode,bus_trolley_pct_gap,same_direction,bus_share,trolley_share,access_share
2025-07-01,3010898,3761969,32505,6805372,,,,,,,,,,,44.24295982644299,55.27940280119882,0.47763737235819
2025-08-01,3130466,3507067,31177,6668710,-2.008148856520997,119568.0,3.9711740484068114,-254902.0,-6.775760246828188,-1328.0,-4.08552530379942,Trolley,10.746934295235,False,46.942602092458664,52.58988619987973,0.46751170766160166
2025-09-01,3280748,3671182,32592,6984522,4.735728499214997,150282.0,4.800627127079493,164115.0,4.6795513173828684,1415.0,4.538602174680051,Trolley,0.12107580969662468,True,46.97168968756917,52.561678522882445,0.4666317895483757
2025-10-01,3714189,3785364,35164,7534717,7.877346509897176,433441.0,13.211651733080387,114182.0,3.110224445423837,2572.0,7.891507118311236,Bus,10.10142728765655,True,49.294339787413385,50.23896717023347,0.4666930423531501
2025-11-01,3016828,3178935,28547,6224310,-17.391588828087368,-697361.0,-18.775592733703107,-606429.0,-16.020361582135823,-6617.0,-18.817540666590826,Bus,2.7552311515672834,True,48.468472810640854,51.07289000708513,0.4586371822740192
2025-12-01,2993782,3196717,30831,6221330,-0.047876792768997145,-23046.0,-0.7639149464271799,17782.0,0.5593697260245944,2284.0,8.000840718814594,Bus,1.3232846724517744,False,48.12125381550247,51.3831769091175,0.49556927538002327
2026-01-01,3136133,3231986,29544,6397663,2.8343296369104376,142351.0,4.754888632505638,35269.0,1.1032881546912066,-1287.0,-4.174369952320712,Bus,3.6516004778144318,True,49.01997807636945,50.5182282968015,0.46179362682904673
2026-02-01,3073987,3081798,29700,6185485,-3.3164922878869962,-62146.0,-1.9816123869746627,-150188.0,-4.646926069605495,156.0,0.5280259951259136,Trolley,2.6653136826308326,True,49.696782063168854,49.82306157075799,0.48015636607315354
2026-03-01,3468851,3619717,33795,7122363,15.146395149289017,394864.0,12.845337342025198,537919.0,17.454713125259993,4095.0,13.787878787878793,Trolley,4.609375783234794,True,48.70365354868883,50.821855050072564,0.4744914012386058
2026-04-01,3497989,3713897,34424,7246310,1.7402510936328275,29138.0,0.8399899563284796,94180.0,2.601860863708416,629.0,1.8612220742713514,Trolley,1.7618709073799366,True,48.27269327423199,51.252251145755565,0.47505558001244774
2026-05-01,3413534,3720971,23497,7158002,-1.2186616360602809,-84455.0,-2.4143872379244202,7074.0,0.1904737799675038,-10927.0,-31.74238903090867,Bus,2.604861017891924,False,47.68836331702618,51.98337469031162,0.3282619926621982
2026-06-01,3131292,3577475,32140,6740907,-5.826975181063099,-282242.0,-8.268322506821379,-143496.0,-3.8564127481778288,8643.0,36.78341915989276,Bus,4.41190975864355,True,46.45208723395828,53.071122328197085,0.47679043784464015
